experiment,seed,data_seed,epoch,model_fingerprint,train_seconds,total_loss,main_loss,main_cls_or_obj_loss,main_bbox_loss,main_giou_loss,aux_loss,aux_l1,aux_giou,aux_coverage,collision_rate,aux_weight_mean,projection_conflict_rate,enc_cls_aux_cosine_raw_mean,projection_removed_ratio_mean,epoch_train_seconds,iteration_seconds,peak_extra_cuda_mb,optimizer_step_skip_rate,map,map50,map75,mar100,val_seconds,raw_feature_norm,adapted_feature_norm,decoder_feature_norm
shared_e2e_rep_projected,42,42,0,c16286f63961237b,0.0,,,,,,,,,,,0.0,,,,,,,,9.869228961179033e-05,0.0002362481754971668,6.75238115945831e-05,0.0186605267226696,103.99412329999905,,,
shared_e2e_rep_projected,42,42,1,c16286f63961237b,1114.6842988999997,6.861860796531041,6.039591618975003,4.833780545075735,0.11533803191035986,0.31456044877320527,1.644538320461909,0.18474454859271647,0.3604077880432208,0.9997821350762527,0.00021786492374727668,0.5,0.43466666666666665,0.0004063142725240709,3.697514533996582e-06,1114.6842988999997,0.7431228659333331,10520.74267578125,0.005333333333333333,0.044523935765028,0.09551665186882019,0.03892325237393379,0.3372448682785034,101.3327894000031,4.522791267553965,5.5440314968427025,14.828497334162394
shared_e2e_rep_projected,42,42,2,c16286f63961237b,2197.638391799999,2.2399646832148234,1.6046256415049236,0.5668516095976035,0.0966392161026597,0.2772889753133059,1.2706780846814314,0.13802102384343742,0.2902864823838075,0.9997821350762527,0.00021786492374727668,0.5,0.48933333333333334,0.0002642460372631111,2.9651721318562824e-06,1082.9540928999995,0.7219693952666664,10424.0615234375,0.0013333333333333333,0.08251702785491943,0.174539715051651,0.06826876848936081,0.40398862957954407,101.26930059999722,5.186478439648946,6.83353680006663,14.837585819880168
shared_e2e_rep_projected,42,42,3,c16286f63961237b,3290.8851592999963,2.0205872231324515,1.4579915111064912,0.503395327091217,0.08847596183543403,0.2561081863914927,1.1251914270818233,0.11916347667574882,0.26468702117850385,0.9997821350762527,0.00021786492374727668,0.5,0.472,0.0002357681971201752,3.047466278076172e-06,1093.246767499997,0.7288311783333313,10053.7900390625,0.0,0.09395761787891388,0.1946561634540558,0.07731370627880096,0.4371368885040283,103.3164257999997,5.284303065458934,7.17620193417867,14.725378939946493
shared_e2e_rep_projected,42,42,4,c16286f63961237b,4432.677055399996,1.8886309966246286,1.3769127954641978,0.4683661339680354,0.08326187364508708,0.24611864558855692,1.0234364053706329,0.10691182605239252,0.2444386375596126,0.9997821350762527,0.00021786492374727668,0.5,0.48533333333333334,0.00014727750612598812,3.0113855997721354e-06,1141.7918960999996,0.7611945973999997,10105.6630859375,0.0013333333333333333,0.10761603713035583,0.21884049475193024,0.09474792331457138,0.41880589723587036,106.66574849999961,5.535436592737834,7.700518939971924,14.567066130956015
shared_e2e_rep_projected,42,42,5,c16286f63961237b,5568.520127499993,1.7748552978038787,1.3033819086551666,0.44592651642362274,0.07790378787989417,0.23396822482595842,0.9429467768271764,0.09663116647054752,0.2298954716399312,0.9998910675381264,0.00010893246187363834,0.5,0.4693333333333333,0.00031443761896682315,3.042896588643392e-06,1135.8430720999968,0.7572287147333312,10069.2001953125,0.0,0.10578595101833344,0.22807805240154266,0.08795837312936783,0.4483230710029602,105.58965260000696,5.786322805722555,8.081342447280884,14.410107575734456
shared_e2e_rep_projected,42,42,6,c16286f63961237b,6711.173115399994,1.658090348760287,1.2217906841834387,0.41659916112820305,0.07264431915183862,0.2209849626198411,0.8725993302265803,0.08881098182996114,0.21427221044898034,0.9996732026143791,0.000326797385620915,0.5,0.48333333333333334,0.0002056755953510295,4.1856765747070315e-06,1142.6529879000009,0.7617686586000005,10377.51220703125,0.0,0.10738707333803177,0.21123866736888885,0.09737250953912735,0.4512613117694855,106.85970280000038,5.850501019795736,8.234070781071981,14.324178325653076
shared_e2e_rep_projected,42,42,7,c16286f63961237b,7877.109986499992,1.5691857494910557,1.1571438120206197,0.40053671262661616,0.06772018302356203,0.20900309050579866,0.8240838779310385,0.0833364339346687,0.20370085371782382,0.9997821350762527,0.00021786492374727668,0.5,0.4766666666666667,0.000201535479278873,4.836360613505045e-06,1165.9368710999988,0.7772912473999992,9996.1494140625,0.0,0.12840011715888977,0.26239049434661865,0.11158785969018936,0.4436448812484741,107.76408219999576,5.989680922349294,8.42428654607137,14.289528205871582
shared_e2e_rep_projected,42,42,8,c16286f63961237b,9029.963187899993,1.4696763080358506,1.08992709171772,0.37649097363154094,0.06328945847724875,0.19849441114316385,0.7594984307487805,0.07573928869888187,0.190400992979606,0.9997821350762527,0.00021786492374727668,0.5,0.468,0.00023839795764985183,3.7761529286702473e-06,1152.8532014000011,0.7685688009333341,10041.517578125,0.0,0.13055358827114105,0.2545156478881836,0.12329386174678802,0.44107022881507874,107.87055409999448,6.081267589569092,8.593861262957255,14.205669534683228
shared_e2e_rep_projected,42,42,9,c16286f63961237b,10180.113335999988,1.377426718990008,1.0236647589405379,0.353239665021499,0.059835392118742066,0.18562406621625027,0.7075239188571771,0.07047391800085703,0.17757716441402832,0.9996732026143791,0.000326797385620915,0.5,0.4866666666666667,0.00014602529927173197,5.097309748331705e-06,1150.150148099994,0.7667667653999961,10228.98974609375,0.0006666666666666666,0.1390528380870819,0.28186744451522827,0.12420675903558731,0.45357105135917664,107.04889109999931,6.05750387763977,8.617792404810588,14.19890826288859
shared_e2e_rep_projected,42,42,10,c16286f63961237b,11338.227694599984,1.2924069296717644,0.9675579005678495,0.3294914951274792,0.05598308259062469,0.17907549587885538,0.6496980562210083,0.06317070441196362,0.16692226662983498,0.9997821350762527,0.00021786492374727668,0.5,0.474,0.00024430761205985617,5.468885103861491e-06,1158.1143585999962,0.7720762390666641,10043.54541015625,0.0,0.15002480149269104,0.30023565888404846,0.13741523027420044,0.45095813274383545,106.45930260000023,6.022924775123596,8.645775016148885,14.17013283030192
shared_e2e_rep_projected,42,42,11,c16286f63961237b,12484.902721099985,1.202079018930594,0.8985380130410194,0.30725603236754734,0.051866807998468475,0.16597396881630022,0.6070820137560368,0.059024487538884084,0.1559797873745362,0.9998910675381264,0.00010893246187363834,0.5,0.47,0.00024385381428578513,6.5251588821411135e-06,1146.675026500001,0.7644500176666673,9968.6416015625,0.0006666666666666666,0.18404419720172882,0.3461436629295349,0.17350462079048157,0.4583722651004791,107.97827239999606,6.089359099070231,8.783298770268757,14.208516070683798
shared_e2e_rep_projected,42,42,12,c16286f63961237b,13620.299587199988,1.1144057110945385,0.8344296322464942,0.2792440629949172,0.04857135956734419,0.15616438444455466,0.5599521598815917,0.053865561975166204,0.1453121747945746,0.9998910675381264,0.00010893246187363834,0.5,0.462,0.0003678753163923526,5.224188168843587e-06,1135.3968661000035,0.756931244066669,10374.78125,0.0,0.18574240803718567,0.34671035408973694,0.17455630004405975,0.44899433851242065,106.13554619999923,6.0086299498875935,8.752253059069316,14.18698584874471
shared_e2e_rep_projected,42,42,13,c16286f63961237b,14756.194106999988,1.037750941157341,0.7783490936756134,0.2470923602382342,0.046255117010946076,0.14999057379116615,0.5188036964833737,0.04920744115610917,0.13638324511051178,0.9996732026143791,0.000326797385620915,0.5,0.484,0.00014772406433470072,5.2939256032307945e-06,1135.8945198000001,0.7572630132000001,10436.18701171875,0.0,0.22508050501346588,0.4096565544605255,0.21972575783729553,0.46497514843940735,108.94230519999837,5.92093766784668,8.71547137069702,14.247936782836915
shared_e2e_rep_projected,42,42,14,c16286f63961237b,15918.042411499984,0.9665046641429266,0.7219352961381277,0.21915183511873088,0.04393936408869922,0.14154331998030345,0.489138736397028,0.046438391853744786,0.12847338840117056,0.9997821350762527,0.00021786492374727668,0.5,0.488,0.00017026674709673747,5.6142409642537435e-06,1161.8483044999957,0.7745655363333305,10380.25732421875,0.0013333333333333333,0.2507152855396271,0.45220473408699036,0.244435653090477,0.47434908151626587,106.22743579999951,5.795609164237976,8.764983667055766,14.177454839070638
shared_e2e_rep_projected,42,42,15,c16286f63961237b,17062.37094879998,0.8946021489302317,0.670498335023721,0.19124244951580963,0.04164230722126861,0.13552217390264074,0.44820762758453686,0.04156518341290454,0.12019085498526692,0.9995642701525055,0.00043572984749455336,0.5,0.47533333333333333,1.8781001962906886e-05,6.171067555745443e-06,1144.3285372999962,0.7628856915333309,10198.787109375,0.0,0.2463756799697876,0.4530496597290039,0.2318153977394104,0.46249669790267944,109.61548239999684,5.755391914367676,8.81387855497996,14.23903291829427
shared_e2e_rep_projected,42,42,16,c16286f63961237b,18186.524315799987,0.8354701403280099,0.6209509498029947,0.17310600474476814,0.0388697863103201,0.12674800676107406,0.4290383818050226,0.039942798170571524,0.11466219575330615,0.9996732026143791,0.000326797385620915,0.5,0.492,3.488583620297921e-05,6.265004475911459e-06,1124.1533670000063,0.7494355780000042,10387.69677734375,0.0,0.2608841359615326,0.47201022505760193,0.25014740228652954,0.46846726536750793,106.84919110000192,5.671848528861999,8.781986230214438,14.220575374603271
shared_e2e_rep_projected,42,42,17,c16286f63961237b,19344.817378999986,0.7848894670406977,0.5833874910374482,0.15288455703854562,0.03727395742572844,0.1220665730026861,0.4030039529005686,0.03710157884036501,0.10874802946299314,0.9997821350762527,0.00021786492374727668,0.5,0.5046666666666667,8.618624363559018e-06,7.00676441192627e-06,1158.2930631999989,0.772195375466666,10133.51171875,0.0013333333333333333,0.2668205499649048,0.4772515892982483,0.25584396719932556,0.47089463472366333,106.73302999999578,5.662227863788605,8.772668034871419,14.256408840815226
shared_e2e_rep_projected,42,42,18,c16286f63961237b,20506.38462919998,0.7556915275951227,0.5589475440482299,0.14414746000245213,0.03570202144297461,0.11814498768125971,0.3934879662642876,0.036024912745381395,0.10668170104175806,0.9996732026143791,0.000326797385620915,0.5,0.506,6.3665079413416e-05,6.423234939575195e-06,1161.5672501999943,0.7743781667999962,10043.646484375,0.0,0.26806044578552246,0.4778965711593628,0.25548526644706726,0.4709317982196808,107.61258950000047,5.617674983024597,8.737679921468098,14.301480695724488
shared_e2e_rep_projected,42,42,19,c16286f63961237b,21644.759662199984,0.7341000531415145,0.5402164643009504,0.1355915292877083,0.0345644478239119,0.11590134766573708,0.38776717697580654,0.035587956024954716,0.10491369799648723,0.9996732026143791,0.000326797385620915,0.5,0.508,0.00016119463034033288,6.320953369140625e-06,1138.375033000004,0.7589166886666693,10394.92333984375,0.0013333333333333333,0.2671022415161133,0.4783552289009094,0.2539101243019104,0.47108542919158936,107.32347969999682,5.6390749384562175,8.783524558703105,14.299150195439656
shared_e2e_rep_projected,42,42,20,c16286f63961237b,22773.625898699982,0.7143899453183015,0.5253022001087666,0.13280857388675213,0.03374950362617771,0.11187305338556568,0.378175490424037,0.034825041045745214,0.10202514233936866,0.9996732026143791,0.000326797385620915,0.5,0.51,0.000182871186013017,6.3823461532592775e-06,1128.8662364999982,0.7525774909999988,10401.78125,0.0,0.26905542612075806,0.48077014088630676,0.25556471943855286,0.4727124571800232,107.57279759999801,5.6008667561213175,8.75519494374593,14.306030782063802
