experiment,seed,scale,iou_threshold,AP,checkpoint_epoch,fingerprint
baseline,42,small,0.5,0.12315017216007315,7,c16286f63961237b
baseline,42,medium,0.5,0.1477322681652451,7,c16286f63961237b
baseline,42,large,0.5,0.15960492475638297,7,c16286f63961237b
baseline,42,small,0.55,0.11667452459531667,7,c16286f63961237b
baseline,42,medium,0.55,0.14021838099691672,7,c16286f63961237b
baseline,42,large,0.55,0.15179534859462415,7,c16286f63961237b
baseline,42,small,0.6,0.11667452459531667,7,c16286f63961237b
baseline,42,medium,0.6,0.10350516464325694,7,c16286f63961237b
baseline,42,large,0.6,0.14468207047300327,7,c16286f63961237b
baseline,42,small,0.65,0.07697626905547697,7,c16286f63961237b
baseline,42,medium,0.65,0.08597995608385472,7,c16286f63961237b
baseline,42,large,0.65,0.14196063279273444,7,c16286f63961237b
baseline,42,small,0.7,0.054167321494054156,7,c16286f63961237b
baseline,42,medium,0.7,0.0754240724619742,7,c16286f63961237b
baseline,42,large,0.7,0.12080777255395925,7,c16286f63961237b
baseline,42,small,0.75,0.054167321494054156,7,c16286f63961237b
baseline,42,medium,0.75,0.06459428504224028,7,c16286f63961237b
baseline,42,large,0.75,0.10664998202454813,7,c16286f63961237b
baseline,42,small,0.8,0.001885902876001886,7,c16286f63961237b
baseline,42,medium,0.8,0.055053468945795686,7,c16286f63961237b
baseline,42,large,0.8,0.08114767162042492,7,c16286f63961237b
baseline,42,small,0.85,0.0,7,c16286f63961237b
baseline,42,medium,0.85,0.03341655068868231,7,c16286f63961237b
baseline,42,large,0.85,0.06311997994721305,7,c16286f63961237b
baseline,42,small,0.9,0.0,7,c16286f63961237b
baseline,42,medium,0.9,0.005693069306930693,7,c16286f63961237b
baseline,42,large,0.9,0.015933172614083134,7,c16286f63961237b
baseline,42,small,0.95,0.0,7,c16286f63961237b
baseline,42,medium,0.95,0.0,7,c16286f63961237b
baseline,42,large,0.95,0.00044973465038869036,7,c16286f63961237b
shared_detach,42,small,0.5,0.1327344965290486,7,c16286f63961237b
shared_detach,42,medium,0.5,0.1619110858663255,7,c16286f63961237b
shared_detach,42,large,0.5,0.2067157186354751,7,c16286f63961237b
shared_detach,42,small,0.55,0.09689055215045314,7,c16286f63961237b
shared_detach,42,medium,0.55,0.15558076264327497,7,c16286f63961237b
shared_detach,42,large,0.55,0.20160925439463961,7,c16286f63961237b
shared_detach,42,small,0.6,0.08676200953428675,7,c16286f63961237b
shared_detach,42,medium,0.6,0.15298374194311098,7,c16286f63961237b
shared_detach,42,large,0.6,0.19511355628336244,7,c16286f63961237b
shared_detach,42,small,0.65,0.0420158477259877,7,c16286f63961237b
shared_detach,42,medium,0.65,0.14378207167041906,7,c16286f63961237b
shared_detach,42,large,0.65,0.18594360115778713,7,c16286f63961237b
shared_detach,42,small,0.7,0.040419739839336964,7,c16286f63961237b
shared_detach,42,medium,0.7,0.12155216210348746,7,c16286f63961237b
shared_detach,42,large,0.7,0.16814200630642606,7,c16286f63961237b
shared_detach,42,small,0.75,0.004181072869191681,7,c16286f63961237b
shared_detach,42,medium,0.75,0.10213007927975444,7,c16286f63961237b
shared_detach,42,large,0.75,0.15992024879161232,7,c16286f63961237b
shared_detach,42,small,0.8,0.0022002200220022,7,c16286f63961237b
shared_detach,42,medium,0.8,0.031828423014194154,7,c16286f63961237b
shared_detach,42,large,0.8,0.11049777183308235,7,c16286f63961237b
shared_detach,42,small,0.85,0.0,7,c16286f63961237b
shared_detach,42,medium,0.85,0.0002616137372879296,7,c16286f63961237b
shared_detach,42,large,0.85,0.0954350493938403,7,c16286f63961237b
shared_detach,42,small,0.9,0.0,7,c16286f63961237b
shared_detach,42,medium,0.9,0.00012376237623762376,7,c16286f63961237b
shared_detach,42,large,0.9,0.03816866579696296,7,c16286f63961237b
shared_detach,42,small,0.95,0.0,7,c16286f63961237b
shared_detach,42,medium,0.95,0.0,7,c16286f63961237b
shared_detach,42,large,0.95,0.002066134790831781,7,c16286f63961237b
shared_e2e,42,small,0.5,0.10231821730267401,7,c16286f63961237b
shared_e2e,42,medium,0.5,0.14819235650743848,7,c16286f63961237b
shared_e2e,42,large,0.5,0.17077515147236136,7,c16286f63961237b
shared_e2e,42,small,0.55,0.10188376369397374,7,c16286f63961237b
shared_e2e,42,medium,0.55,0.14586976887762373,7,c16286f63961237b
shared_e2e,42,large,0.55,0.17050764773879895,7,c16286f63961237b
shared_e2e,42,small,0.6,0.10120446561179987,7,c16286f63961237b
shared_e2e,42,medium,0.6,0.14181071144438415,7,c16286f63961237b
shared_e2e,42,large,0.6,0.15774562015268342,7,c16286f63961237b
shared_e2e,42,small,0.65,0.08112106192259373,7,c16286f63961237b
shared_e2e,42,medium,0.65,0.13954412819025852,7,c16286f63961237b
shared_e2e,42,large,0.65,0.14920875066690745,7,c16286f63961237b
shared_e2e,42,small,0.7,0.08112106192259373,7,c16286f63961237b
shared_e2e,42,medium,0.7,0.12818883815177237,7,c16286f63961237b
shared_e2e,42,large,0.7,0.14603453743390984,7,c16286f63961237b
shared_e2e,42,small,0.75,0.06767413583463609,7,c16286f63961237b
shared_e2e,42,medium,0.75,0.10301641046316469,7,c16286f63961237b
shared_e2e,42,large,0.75,0.10826840878215138,7,c16286f63961237b
shared_e2e,42,small,0.8,0.0038110953952538106,7,c16286f63961237b
shared_e2e,42,medium,0.8,0.05494670397203634,7,c16286f63961237b
shared_e2e,42,large,0.8,0.09149356180224513,7,c16286f63961237b
shared_e2e,42,small,0.85,0.0,7,c16286f63961237b
shared_e2e,42,medium,0.85,0.04232754493776843,7,c16286f63961237b
shared_e2e,42,large,0.85,0.05318246191842537,7,c16286f63961237b
shared_e2e,42,small,0.9,0.0,7,c16286f63961237b
shared_e2e,42,medium,0.9,0.00502968823668081,7,c16286f63961237b
shared_e2e,42,large,0.9,0.026035319697689675,7,c16286f63961237b
shared_e2e,42,small,0.95,0.0,7,c16286f63961237b
shared_e2e,42,medium,0.95,0.0,7,c16286f63961237b
shared_e2e,42,large,0.95,0.00459230623213133,7,c16286f63961237b
separate_e2e,42,small,0.5,0.10964429776310966,7,c16286f63961237b
separate_e2e,42,medium,0.5,0.2184165792437231,7,c16286f63961237b
separate_e2e,42,large,0.5,0.2018129654630344,7,c16286f63961237b
separate_e2e,42,small,0.55,0.08903071679716991,7,c16286f63961237b
separate_e2e,42,medium,0.55,0.20942688102089424,7,c16286f63961237b
separate_e2e,42,large,0.55,0.2012529184262391,7,c16286f63961237b
separate_e2e,42,small,0.6,0.060490771299352146,7,c16286f63961237b
separate_e2e,42,medium,0.6,0.19099363418859513,7,c16286f63961237b
separate_e2e,42,large,0.6,0.19941468955906322,7,c16286f63961237b
separate_e2e,42,small,0.65,0.05743491015768243,7,c16286f63961237b
separate_e2e,42,medium,0.65,0.18020389275698417,7,c16286f63961237b
separate_e2e,42,large,0.65,0.16334850370799164,7,c16286f63961237b
separate_e2e,42,small,0.7,0.050009167583425,7,c16286f63961237b
separate_e2e,42,medium,0.7,0.16377994113973027,7,c16286f63961237b
separate_e2e,42,large,0.7,0.130061245942316,7,c16286f63961237b
separate_e2e,42,small,0.75,0.050009167583425,7,c16286f63961237b
separate_e2e,42,medium,0.75,0.13432751665702244,7,c16286f63961237b
separate_e2e,42,large,0.75,0.12002036266640985,7,c16286f63961237b
separate_e2e,42,small,0.8,0.007229294358007228,7,c16286f63961237b
separate_e2e,42,medium,0.8,0.040946008614102275,7,c16286f63961237b
separate_e2e,42,large,0.8,0.10344568743827838,7,c16286f63961237b
separate_e2e,42,small,0.85,0.007229294358007228,7,c16286f63961237b
separate_e2e,42,medium,0.85,0.00673426717671767,7,c16286f63961237b
separate_e2e,42,large,0.85,0.07064012492492802,7,c16286f63961237b
separate_e2e,42,small,0.9,0.0,7,c16286f63961237b
separate_e2e,42,medium,0.9,0.0015728135313531353,7,c16286f63961237b
separate_e2e,42,large,0.9,0.03986228881150818,7,c16286f63961237b
separate_e2e,42,small,0.95,0.0,7,c16286f63961237b
separate_e2e,42,medium,0.95,0.000541460396039604,7,c16286f63961237b
separate_e2e,42,large,0.95,0.017239659692794482,7,c16286f63961237b
baseline,43,small,0.5,0.10719698954022387,7,d1b7a9f86e187c5e
baseline,43,medium,0.5,0.21900125745193427,7,d1b7a9f86e187c5e
baseline,43,large,0.5,0.2553257089500939,7,d1b7a9f86e187c5e
baseline,43,small,0.55,0.09296890006460966,7,d1b7a9f86e187c5e
baseline,43,medium,0.55,0.21772021599917948,7,d1b7a9f86e187c5e
baseline,43,large,0.55,0.25505833695137503,7,d1b7a9f86e187c5e
baseline,43,small,0.6,0.09235131242592856,7,d1b7a9f86e187c5e
baseline,43,medium,0.6,0.2058777840637177,7,d1b7a9f86e187c5e
baseline,43,large,0.6,0.25392308142716047,7,d1b7a9f86e187c5e
baseline,43,small,0.65,0.08368170150348368,7,d1b7a9f86e187c5e
baseline,43,medium,0.65,0.19342656615269185,7,d1b7a9f86e187c5e
baseline,43,large,0.65,0.2413003124438451,7,d1b7a9f86e187c5e
baseline,43,small,0.7,0.05471213788045471,7,d1b7a9f86e187c5e
baseline,43,medium,0.7,0.11928498202446017,7,d1b7a9f86e187c5e
baseline,43,large,0.7,0.2361102024881268,7,d1b7a9f86e187c5e
baseline,43,small,0.75,0.04198479549447481,7,d1b7a9f86e187c5e
baseline,43,medium,0.75,0.11019299979506214,7,d1b7a9f86e187c5e
baseline,43,large,0.75,0.2072601471497788,7,d1b7a9f86e187c5e
baseline,43,small,0.8,0.0,7,d1b7a9f86e187c5e
baseline,43,medium,0.8,0.05351097976087165,7,d1b7a9f86e187c5e
baseline,43,large,0.8,0.14322970503492696,7,d1b7a9f86e187c5e
baseline,43,small,0.85,0.0,7,d1b7a9f86e187c5e
baseline,43,medium,0.85,0.019665146191006014,7,d1b7a9f86e187c5e
baseline,43,large,0.85,0.10764286609167763,7,d1b7a9f86e187c5e
baseline,43,small,0.9,0.0,7,d1b7a9f86e187c5e
baseline,43,medium,0.9,0.0,7,d1b7a9f86e187c5e
baseline,43,large,0.9,0.05283876186257521,7,d1b7a9f86e187c5e
baseline,43,small,0.95,0.0,7,d1b7a9f86e187c5e
baseline,43,medium,0.95,0.0,7,d1b7a9f86e187c5e
baseline,43,large,0.95,0.012470715271300652,7,d1b7a9f86e187c5e
shared_detach,43,small,0.5,0.0818060972763943,7,d1b7a9f86e187c5e
shared_detach,43,medium,0.5,0.14527518252882846,7,d1b7a9f86e187c5e
shared_detach,43,large,0.5,0.2536212961639276,7,d1b7a9f86e187c5e
shared_detach,43,small,0.55,0.0636021935526886,7,d1b7a9f86e187c5e
shared_detach,43,medium,0.55,0.14072193382547168,7,d1b7a9f86e187c5e
shared_detach,43,large,0.55,0.24506145429652518,7,d1b7a9f86e187c5e
shared_detach,43,small,0.6,0.05327294634225326,7,d1b7a9f86e187c5e
shared_detach,43,medium,0.6,0.128541243385745,7,d1b7a9f86e187c5e
shared_detach,43,large,0.6,0.18518793903150915,7,d1b7a9f86e187c5e
shared_detach,43,small,0.65,0.04101838755304102,7,d1b7a9f86e187c5e
shared_detach,43,medium,0.65,0.11292006840445339,7,d1b7a9f86e187c5e
shared_detach,43,large,0.65,0.18214282228810205,7,d1b7a9f86e187c5e
shared_detach,43,small,0.7,0.020917806066320915,7,d1b7a9f86e187c5e
shared_detach,43,medium,0.7,0.09690347435622478,7,d1b7a9f86e187c5e
shared_detach,43,large,0.7,0.17193401443611794,7,d1b7a9f86e187c5e
shared_detach,43,small,0.75,0.020917806066320915,7,d1b7a9f86e187c5e
shared_detach,43,medium,0.75,0.062155453644558926,7,d1b7a9f86e187c5e
shared_detach,43,large,0.75,0.16326024832549896,7,d1b7a9f86e187c5e
shared_detach,43,small,0.8,0.011566870972811566,7,d1b7a9f86e187c5e
shared_detach,43,medium,0.8,0.03624820727595901,7,d1b7a9f86e187c5e
shared_detach,43,large,0.8,0.12943916270984607,7,d1b7a9f86e187c5e
shared_detach,43,small,0.85,0.009387605427209388,7,d1b7a9f86e187c5e
shared_detach,43,medium,0.85,0.013420056603656416,7,d1b7a9f86e187c5e
shared_detach,43,large,0.85,0.09990603698312134,7,d1b7a9f86e187c5e
shared_detach,43,small,0.9,0.0013201320132013204,7,d1b7a9f86e187c5e
shared_detach,43,medium,0.9,0.00088008800880088,7,d1b7a9f86e187c5e
shared_detach,43,large,0.9,0.031222329858111717,7,d1b7a9f86e187c5e
shared_detach,43,small,0.95,0.0,7,d1b7a9f86e187c5e
shared_detach,43,medium,0.95,0.0,7,d1b7a9f86e187c5e
shared_detach,43,large,0.95,0.0022931304446311526,7,d1b7a9f86e187c5e
shared_e2e,43,small,0.5,0.16208287495416207,7,d1b7a9f86e187c5e
shared_e2e,43,medium,0.5,0.2009873161410847,7,d1b7a9f86e187c5e
shared_e2e,43,large,0.5,0.21495285681052717,7,d1b7a9f86e187c5e
shared_e2e,43,small,0.55,0.12508949307629175,7,d1b7a9f86e187c5e
shared_e2e,43,medium,0.55,0.19974929847925071,7,d1b7a9f86e187c5e
shared_e2e,43,large,0.55,0.21270019913158655,7,d1b7a9f86e187c5e
shared_e2e,43,small,0.6,0.10104933570280103,7,d1b7a9f86e187c5e
shared_e2e,43,medium,0.6,0.1905521841226808,7,d1b7a9f86e187c5e
shared_e2e,43,large,0.6,0.21167513105342922,7,d1b7a9f86e187c5e
shared_e2e,43,small,0.65,0.09368000902654366,7,d1b7a9f86e187c5e
shared_e2e,43,medium,0.65,0.17963964210895597,7,d1b7a9f86e187c5e
shared_e2e,43,large,0.65,0.19700366665763266,7,d1b7a9f86e187c5e
shared_e2e,43,small,0.7,0.08226143127133226,7,d1b7a9f86e187c5e
shared_e2e,43,medium,0.7,0.1618921383021857,7,d1b7a9f86e187c5e
shared_e2e,43,large,0.7,0.17912280963071434,7,d1b7a9f86e187c5e
shared_e2e,43,small,0.75,0.01623367464951623,7,d1b7a9f86e187c5e
shared_e2e,43,medium,0.75,0.1310086895993128,7,d1b7a9f86e187c5e
shared_e2e,43,large,0.75,0.13847997295582762,7,d1b7a9f86e187c5e
shared_e2e,43,small,0.8,0.002115596175002115,7,d1b7a9f86e187c5e
shared_e2e,43,medium,0.8,0.11061250338886537,7,d1b7a9f86e187c5e
shared_e2e,43,large,0.8,0.11722835687086694,7,d1b7a9f86e187c5e
shared_e2e,43,small,0.85,0.002115596175002115,7,d1b7a9f86e187c5e
shared_e2e,43,medium,0.85,0.026011758940713208,7,d1b7a9f86e187c5e
shared_e2e,43,large,0.85,0.08422928003672965,7,d1b7a9f86e187c5e
shared_e2e,43,small,0.9,0.0,7,d1b7a9f86e187c5e
shared_e2e,43,medium,0.9,0.003695190947666195,7,d1b7a9f86e187c5e
shared_e2e,43,large,0.9,0.04047999381212076,7,d1b7a9f86e187c5e
shared_e2e,43,small,0.95,0.0,7,d1b7a9f86e187c5e
shared_e2e,43,medium,0.95,0.0,7,d1b7a9f86e187c5e
shared_e2e,43,large,0.95,0.012881998344311052,7,d1b7a9f86e187c5e
separate_e2e,43,small,0.5,0.09807742679029807,7,d1b7a9f86e187c5e
separate_e2e,43,medium,0.5,0.14975600504692405,7,d1b7a9f86e187c5e
separate_e2e,43,large,0.5,0.18416876474885932,7,d1b7a9f86e187c5e
separate_e2e,43,small,0.55,0.09944732568494943,7,d1b7a9f86e187c5e
separate_e2e,43,medium,0.55,0.13529917626938764,7,d1b7a9f86e187c5e
separate_e2e,43,large,0.55,0.18246267901942254,7,d1b7a9f86e187c5e
separate_e2e,43,small,0.6,0.07102633148887029,7,d1b7a9f86e187c5e
separate_e2e,43,medium,0.6,0.11918823061540265,7,d1b7a9f86e187c5e
separate_e2e,43,large,0.6,0.1777448668396666,7,d1b7a9f86e187c5e
separate_e2e,43,small,0.65,0.060322698936560316,7,d1b7a9f86e187c5e
separate_e2e,43,medium,0.65,0.11246919983882134,7,d1b7a9f86e187c5e
separate_e2e,43,large,0.65,0.16692014051353815,7,d1b7a9f86e187c5e
separate_e2e,43,small,0.7,0.04423824024914568,7,d1b7a9f86e187c5e
separate_e2e,43,medium,0.7,0.09406619302242,7,d1b7a9f86e187c5e
separate_e2e,43,large,0.7,0.15310071438086933,7,d1b7a9f86e187c5e
separate_e2e,43,small,0.75,0.036865908813103525,7,d1b7a9f86e187c5e
separate_e2e,43,medium,0.75,0.08810113597861488,7,d1b7a9f86e187c5e
separate_e2e,43,large,0.75,0.1369458908197846,7,d1b7a9f86e187c5e
separate_e2e,43,small,0.8,0.034225644786700885,7,d1b7a9f86e187c5e
separate_e2e,43,medium,0.8,0.06947897072440262,7,d1b7a9f86e187c5e
separate_e2e,43,large,0.8,0.10839040981247222,7,d1b7a9f86e187c5e
separate_e2e,43,small,0.85,0.029152915291529146,7,d1b7a9f86e187c5e
separate_e2e,43,medium,0.85,0.042048048437802577,7,d1b7a9f86e187c5e
separate_e2e,43,large,0.85,0.0674005915947538,7,d1b7a9f86e187c5e
separate_e2e,43,small,0.9,0.0,7,d1b7a9f86e187c5e
separate_e2e,43,medium,0.9,0.002516501650165016,7,d1b7a9f86e187c5e
separate_e2e,43,large,0.9,0.04035369439279211,7,d1b7a9f86e187c5e
separate_e2e,43,small,0.95,0.0,7,d1b7a9f86e187c5e
separate_e2e,43,medium,0.95,0.0,7,d1b7a9f86e187c5e
separate_e2e,43,large,0.95,0.01022059300327208,7,d1b7a9f86e187c5e
baseline,44,small,0.5,0.07890701599710798,7,9fffb715f8680daa
baseline,44,medium,0.5,0.0961213626747983,7,9fffb715f8680daa
baseline,44,large,0.5,0.1642199147437843,7,9fffb715f8680daa
baseline,44,small,0.55,0.07856618995232856,7,9fffb715f8680daa
baseline,44,medium,0.55,0.09358224876784127,7,9fffb715f8680daa
baseline,44,large,0.55,0.15013285659279704,7,9fffb715f8680daa
baseline,44,small,0.6,0.07856618995232856,7,9fffb715f8680daa
baseline,44,medium,0.6,0.09080375674597231,7,9fffb715f8680daa
baseline,44,large,0.6,0.14790766909329753,7,9fffb715f8680daa
baseline,44,small,0.65,0.059731899115837504,7,9fffb715f8680daa
baseline,44,medium,0.65,0.08784934146215222,7,9fffb715f8680daa
baseline,44,large,0.65,0.14514371426583286,7,9fffb715f8680daa
baseline,44,small,0.7,0.044829482948294815,7,9fffb715f8680daa
baseline,44,medium,0.7,0.07799370749659364,7,9fffb715f8680daa
baseline,44,large,0.7,0.1331435306781784,7,9fffb715f8680daa
baseline,44,small,0.75,0.028602860286028594,7,9fffb715f8680daa
baseline,44,medium,0.75,0.06038650312275814,7,9fffb715f8680daa
baseline,44,large,0.75,0.12857864831614624,7,9fffb715f8680daa
baseline,44,small,0.8,0.0,7,9fffb715f8680daa
baseline,44,medium,0.8,0.04360705936990099,7,9fffb715f8680daa
baseline,44,large,0.8,0.07167319846266278,7,9fffb715f8680daa
baseline,44,small,0.85,0.0,7,9fffb715f8680daa
baseline,44,medium,0.85,0.014156844662121347,7,9fffb715f8680daa
baseline,44,large,0.85,0.043277713796189894,7,9fffb715f8680daa
baseline,44,small,0.9,0.0,7,9fffb715f8680daa
baseline,44,medium,0.9,0.0007644146767617939,7,9fffb715f8680daa
baseline,44,large,0.9,0.013373387547129294,7,9fffb715f8680daa
baseline,44,small,0.95,0.0,7,9fffb715f8680daa
baseline,44,medium,0.95,0.0,7,9fffb715f8680daa
baseline,44,large,0.95,0.0039580148150567965,7,9fffb715f8680daa
shared_detach,44,small,0.5,0.08882106338910843,7,9fffb715f8680daa
shared_detach,44,medium,0.5,0.12241429759975657,7,9fffb715f8680daa
shared_detach,44,large,0.5,0.18584936278688535,7,9fffb715f8680daa
shared_detach,44,small,0.55,0.07985859561565913,7,9fffb715f8680daa
shared_detach,44,medium,0.55,0.11433422426172972,7,9fffb715f8680daa
shared_detach,44,large,0.55,0.1828898392191966,7,9fffb715f8680daa
shared_detach,44,small,0.6,0.07985859561565913,7,9fffb715f8680daa
shared_detach,44,medium,0.6,0.10858915952330264,7,9fffb715f8680daa
shared_detach,44,large,0.6,0.17379110619655358,7,9fffb715f8680daa
shared_detach,44,small,0.65,0.04785478547854784,7,9fffb715f8680daa
shared_detach,44,medium,0.65,0.09475902538366733,7,9fffb715f8680daa
shared_detach,44,large,0.65,0.12583734346657774,7,9fffb715f8680daa
shared_detach,44,small,0.7,0.04785478547854784,7,9fffb715f8680daa
shared_detach,44,medium,0.7,0.0819219959162446,7,9fffb715f8680daa
shared_detach,44,large,0.7,0.10412991220974942,7,9fffb715f8680daa
shared_detach,44,small,0.75,0.04400440044004399,7,9fffb715f8680daa
shared_detach,44,medium,0.75,0.04975268495232597,7,9fffb715f8680daa
shared_detach,44,large,0.75,0.08779839180222204,7,9fffb715f8680daa
shared_detach,44,small,0.8,0.0374037403740374,7,9fffb715f8680daa
shared_detach,44,medium,0.8,0.03253034168979898,7,9fffb715f8680daa
shared_detach,44,large,0.8,0.07605008144316511,7,9fffb715f8680daa
shared_detach,44,small,0.85,0.028602860286028594,7,9fffb715f8680daa
shared_detach,44,medium,0.85,0.005990806972646416,7,9fffb715f8680daa
shared_detach,44,large,0.85,0.05497059997410573,7,9fffb715f8680daa
shared_detach,44,small,0.9,0.0,7,9fffb715f8680daa
shared_detach,44,medium,0.9,0.0010597153465346533,7,9fffb715f8680daa
shared_detach,44,large,0.9,0.01688721978100799,7,9fffb715f8680daa
shared_detach,44,small,0.95,0.0,7,9fffb715f8680daa
shared_detach,44,medium,0.95,0.0,7,9fffb715f8680daa
shared_detach,44,large,0.95,0.0035636094908296566,7,9fffb715f8680daa
shared_e2e,44,small,0.5,0.12073072691884573,7,9fffb715f8680daa
shared_e2e,44,medium,0.5,0.12765712853896893,7,9fffb715f8680daa
shared_e2e,44,large,0.5,0.13896970573070047,7,9fffb715f8680daa
shared_e2e,44,small,0.55,0.09135913591359135,7,9fffb715f8680daa
shared_e2e,44,medium,0.55,0.11888776997651714,7,9fffb715f8680daa
shared_e2e,44,large,0.55,0.13287023435165143,7,9fffb715f8680daa
shared_e2e,44,small,0.6,0.06985698569856984,7,9fffb715f8680daa
shared_e2e,44,medium,0.6,0.11434175539867969,7,9fffb715f8680daa
shared_e2e,44,large,0.6,0.1283046841978741,7,9fffb715f8680daa
shared_e2e,44,small,0.65,0.060322698936560316,7,9fffb715f8680daa
shared_e2e,44,medium,0.65,0.10944316748770044,7,9fffb715f8680daa
shared_e2e,44,large,0.65,0.12169194191909931,7,9fffb715f8680daa
shared_e2e,44,small,0.7,0.017785111844517785,7,9fffb715f8680daa
shared_e2e,44,medium,0.7,0.07651838742774779,7,9fffb715f8680daa
shared_e2e,44,large,0.7,0.11726234675258096,7,9fffb715f8680daa
shared_e2e,44,small,0.75,0.012336947980512335,7,9fffb715f8680daa
shared_e2e,44,medium,0.75,0.06327487959349905,7,9fffb715f8680daa
shared_e2e,44,large,0.75,0.10000206949820278,7,9fffb715f8680daa
shared_e2e,44,small,0.8,0.0044004400440044,7,9fffb715f8680daa
shared_e2e,44,medium,0.8,0.04667324188559207,7,9fffb715f8680daa
shared_e2e,44,large,0.8,0.08962231446862717,7,9fffb715f8680daa
shared_e2e,44,small,0.85,0.0044004400440044,7,9fffb715f8680daa
shared_e2e,44,medium,0.85,0.02655359285928592,7,9fffb715f8680daa
shared_e2e,44,large,0.85,0.056441203405260765,7,9fffb715f8680daa
shared_e2e,44,small,0.9,0.0,7,9fffb715f8680daa
shared_e2e,44,medium,0.9,0.021236619473803047,7,9fffb715f8680daa
shared_e2e,44,large,0.9,0.03420657285961518,7,9fffb715f8680daa
shared_e2e,44,small,0.95,0.0,7,9fffb715f8680daa
shared_e2e,44,medium,0.95,4.8344678217821784e-05,7,9fffb715f8680daa
shared_e2e,44,large,0.95,0.015215083583386649,7,9fffb715f8680daa
separate_e2e,44,small,0.5,0.09010180457741881,7,9fffb715f8680daa
separate_e2e,44,medium,0.5,0.14592646404279475,7,9fffb715f8680daa
separate_e2e,44,large,0.5,0.16385254173261057,7,9fffb715f8680daa
separate_e2e,44,small,0.55,0.07018933432335642,7,9fffb715f8680daa
separate_e2e,44,medium,0.55,0.13723952911805348,7,9fffb715f8680daa
separate_e2e,44,large,0.55,0.16281525476075662,7,9fffb715f8680daa
separate_e2e,44,small,0.6,0.06133113311331133,7,9fffb715f8680daa
separate_e2e,44,medium,0.6,0.12148543530797744,7,9fffb715f8680daa
separate_e2e,44,large,0.6,0.15750681986731033,7,9fffb715f8680daa
separate_e2e,44,small,0.65,0.05397087327780397,7,9fffb715f8680daa
separate_e2e,44,medium,0.65,0.11185727324625205,7,9fffb715f8680daa
separate_e2e,44,large,0.65,0.15458640034834456,7,9fffb715f8680daa
separate_e2e,44,small,0.7,0.05166588087380167,7,9fffb715f8680daa
separate_e2e,44,medium,0.7,0.102514618481677,7,9fffb715f8680daa
separate_e2e,44,large,0.7,0.13925922077964561,7,9fffb715f8680daa
separate_e2e,44,small,0.75,0.03096023888103096,7,9fffb715f8680daa
separate_e2e,44,medium,0.75,0.09415499200348872,7,9fffb715f8680daa
separate_e2e,44,large,0.75,0.1303775839637372,7,9fffb715f8680daa
separate_e2e,44,small,0.8,0.016187333019016186,7,9fffb715f8680daa
separate_e2e,44,medium,0.8,0.07615506587967322,7,9fffb715f8680daa
separate_e2e,44,large,0.8,0.06388059728162163,7,9fffb715f8680daa
separate_e2e,44,small,0.85,0.0016501650165016502,7,9fffb715f8680daa
separate_e2e,44,medium,0.85,0.0538347245174063,7,9fffb715f8680daa
separate_e2e,44,large,0.85,0.04216309879439054,7,9fffb715f8680daa
separate_e2e,44,small,0.9,0.0,7,9fffb715f8680daa
separate_e2e,44,medium,0.9,0.0007706683697894824,7,9fffb715f8680daa
separate_e2e,44,large,0.9,0.024794097332009466,7,9fffb715f8680daa
separate_e2e,44,small,0.95,0.0,7,9fffb715f8680daa
separate_e2e,44,medium,0.95,0.0,7,9fffb715f8680daa
separate_e2e,44,large,0.95,0.002511800843501221,7,9fffb715f8680daa
