experiment,seed,metric_type,key,value,scale
baseline,42,area,all,0.0875698700547218,
baseline,42,area,small,0.0411032401025295,
baseline,42,area,medium,0.0769288167357444,
baseline,42,area,large,0.1335181444883346,
baseline,42,class,aeroplane,0.0850503370165824,
baseline,42,class,bicycle,0.1310358494520187,
baseline,42,class,bird,0.0277749132364988,
baseline,42,class,boat,0.0351776368916034,
baseline,42,class,bottle,0.3787128627300262,
baseline,42,class,bus,0.0468947254121303,
baseline,42,class,car,0.2914267778396606,
baseline,42,class,cat,0.0363936237990856,
baseline,42,class,chair,0.0972591713070869,
baseline,42,class,cow,0.0197828486561775,
baseline,42,class,diningtable,0.0029702971223741,
baseline,42,class,dog,0.0141093432903289,
baseline,42,class,horse,0.0566508248448371,
baseline,42,class,motorbike,0.0809238627552986,
baseline,42,class,person,0.1941061466932296,
baseline,42,class,pottedplant,0.0337635912001132,
baseline,42,class,sheep,0.0,
baseline,42,class,sofa,0.0930187925696373,
baseline,42,class,train,0.0261729247868061,
baseline,42,class,tvmonitor,0.1001728028059005,
baseline,42,class_scale,aeroplane,,small
baseline,42,class_scale,aeroplane,,medium
baseline,42,class_scale,aeroplane,0.0869483198319831,large
baseline,42,class_scale,bicycle,,small
baseline,42,class_scale,bicycle,0.0673267326732673,medium
baseline,42,class_scale,bicycle,0.1703384705954291,large
baseline,42,class_scale,bird,,small
baseline,42,class_scale,bird,0.15,medium
baseline,42,class_scale,bird,0.0221038580449804,large
baseline,42,class_scale,boat,,small
baseline,42,class_scale,boat,0.0,medium
baseline,42,class_scale,boat,0.0643564356435643,large
baseline,42,class_scale,bottle,0.0,small
baseline,42,class_scale,bottle,,medium
baseline,42,class_scale,bottle,0.5657425742574258,large
baseline,42,class_scale,bus,0.0,small
baseline,42,class_scale,bus,0.1178217821782178,medium
baseline,42,class_scale,bus,0.018511315417256,large
baseline,42,class_scale,car,0.2322544886067554,small
baseline,42,class_scale,car,0.4981733508438291,medium
baseline,42,class_scale,car,0.3647716757310954,large
baseline,42,class_scale,cat,,small
baseline,42,class_scale,cat,,medium
baseline,42,class_scale,cat,0.0364013697891789,large
baseline,42,class_scale,chair,,small
baseline,42,class_scale,chair,0.1598626594984302,medium
baseline,42,class_scale,chair,0.0787134928709867,large
baseline,42,class_scale,cow,0.0,small
baseline,42,class_scale,cow,0.1125884016973125,medium
baseline,42,class_scale,cow,0.0463366336633663,large
baseline,42,class_scale,diningtable,,small
baseline,42,class_scale,diningtable,0.0,medium
baseline,42,class_scale,diningtable,0.0053905390539053,large
baseline,42,class_scale,dog,,small
baseline,42,class_scale,dog,,medium
baseline,42,class_scale,dog,0.0148909373034021,large
baseline,42,class_scale,horse,0.0,small
baseline,42,class_scale,horse,0.0,medium
baseline,42,class_scale,horse,0.0899329848951281,large
baseline,42,class_scale,motorbike,0.0,small
baseline,42,class_scale,motorbike,0.0,medium
baseline,42,class_scale,motorbike,0.1424628496171134,large
baseline,42,class_scale,person,0.1376746733370846,small
baseline,42,class_scale,person,0.1050622376267221,medium
baseline,42,class_scale,person,0.2727656516881707,large
baseline,42,class_scale,pottedplant,,small
baseline,42,class_scale,pottedplant,0.0184229137199434,medium
baseline,42,class_scale,pottedplant,0.3999999999999999,large
baseline,42,class_scale,sheep,0.0,small
baseline,42,class_scale,sheep,0.0,medium
baseline,42,class_scale,sheep,0.0,large
baseline,42,class_scale,sofa,,small
baseline,42,class_scale,sofa,0.0,medium
baseline,42,class_scale,sofa,0.1030688960304291,large
baseline,42,class_scale,train,,small
baseline,42,class_scale,train,0.0,medium
baseline,42,class_scale,train,0.0329654475328691,large
baseline,42,class_scale,tvmonitor,0.0,small
baseline,42,class_scale,tvmonitor,0.0016030174446016,medium
baseline,42,class_scale,tvmonitor,0.1546615120902799,large
baseline,42,iou,0.50,0.140646144747734,
baseline,42,iou,0.55,0.133185476064682,
baseline,42,iou,0.60,0.1293700039386749,
baseline,42,iou,0.65,0.122435912489891,
baseline,42,iou,0.70,0.1005971953272819,
baseline,42,iou,0.75,0.0909419655799865,
baseline,42,iou,0.80,0.0758659467101097,
baseline,42,iou,0.85,0.0593395829200744,
baseline,42,iou,0.90,0.0160719584673643,
baseline,42,iou,0.95,0.0072444970719516,
shared_e2e,42,area,all,0.0889329463243484,
shared_e2e,42,area,small,0.0614373534917831,
shared_e2e,42,area,medium,0.1156176328659057,
shared_e2e,42,area,large,0.1195618286728859,
shared_e2e,42,class,aeroplane,0.1072415336966514,
shared_e2e,42,class,bicycle,0.203818216919899,
shared_e2e,42,class,bird,0.0597934126853942,
shared_e2e,42,class,boat,0.0,
shared_e2e,42,class,bottle,0.1779950559139251,
shared_e2e,42,class,bus,0.0508485622704029,
shared_e2e,42,class,car,0.2175721079111099,
shared_e2e,42,class,cat,0.2628887891769409,
shared_e2e,42,class,chair,0.1396931707859039,
shared_e2e,42,class,cow,0.1037448421120643,
shared_e2e,42,class,diningtable,0.0,
shared_e2e,42,class,dog,0.020651489496231,
shared_e2e,42,class,horse,0.0314922332763671,
shared_e2e,42,class,motorbike,0.0358580462634563,
shared_e2e,42,class,person,0.2153167724609375,
shared_e2e,42,class,pottedplant,0.0023584482260048,
shared_e2e,42,class,sheep,0.0,
shared_e2e,42,class,sofa,0.0855048820376396,
shared_e2e,42,class,train,0.0455993674695491,
shared_e2e,42,class,tvmonitor,0.018282039090991,
shared_e2e,42,class_scale,aeroplane,,small
shared_e2e,42,class_scale,aeroplane,,medium
shared_e2e,42,class_scale,aeroplane,0.1268034865118881,large
shared_e2e,42,class_scale,bicycle,,small
shared_e2e,42,class_scale,bicycle,0.1216831683168317,medium
shared_e2e,42,class_scale,bicycle,0.2993216922542113,large
shared_e2e,42,class_scale,bird,,small
shared_e2e,42,class_scale,bird,0.3333333333333333,medium
shared_e2e,42,class_scale,bird,0.0197785377145734,large
shared_e2e,42,class_scale,boat,,small
shared_e2e,42,class_scale,boat,0.0,medium
shared_e2e,42,class_scale,boat,0.0,large
shared_e2e,42,class_scale,bottle,0.0,small
shared_e2e,42,class_scale,bottle,,medium
shared_e2e,42,class_scale,bottle,0.5658415841584158,large
shared_e2e,42,class_scale,bus,0.0,small
shared_e2e,42,class_scale,bus,0.0981848184818481,medium
shared_e2e,42,class_scale,bus,0.0035709898533277,large
shared_e2e,42,class_scale,car,0.3377137713771377,small
shared_e2e,42,class_scale,car,0.4862729574336905,medium
shared_e2e,42,class_scale,car,0.2655501842946207,large
shared_e2e,42,class_scale,cat,,small
shared_e2e,42,class_scale,cat,,medium
shared_e2e,42,class_scale,cat,0.2628966151247946,large
shared_e2e,42,class_scale,chair,,small
shared_e2e,42,class_scale,chair,0.1849607123066081,medium
shared_e2e,42,class_scale,chair,0.1395583278463197,large
shared_e2e,42,class_scale,cow,0.0,small
shared_e2e,42,class_scale,cow,0.2133338333833383,medium
shared_e2e,42,class_scale,cow,0.0197589324149806,large
shared_e2e,42,class_scale,diningtable,,small
shared_e2e,42,class_scale,diningtable,0.0,medium
shared_e2e,42,class_scale,diningtable,0.0,large
shared_e2e,42,class_scale,dog,,small
shared_e2e,42,class_scale,dog,,medium
shared_e2e,42,class_scale,dog,0.0213019614939812,large
shared_e2e,42,class_scale,horse,0.0,small
shared_e2e,42,class_scale,horse,0.0,medium
shared_e2e,42,class_scale,horse,0.0609590530818845,large
shared_e2e,42,class_scale,motorbike,0.0,small
shared_e2e,42,class_scale,motorbike,0.2666666666666666,medium
shared_e2e,42,class_scale,motorbike,0.036244160790119,large
shared_e2e,42,class_scale,person,0.215222413077483,small
shared_e2e,42,class_scale,person,0.1387139090628534,medium
shared_e2e,42,class_scale,person,0.2806858227822508,large
shared_e2e,42,class_scale,pottedplant,,small
shared_e2e,42,class_scale,pottedplant,0.0,medium
shared_e2e,42,class_scale,pottedplant,0.0875,large
shared_e2e,42,class_scale,sheep,0.0,small
shared_e2e,42,class_scale,sheep,0.0,medium
shared_e2e,42,class_scale,sheep,0.0,large
shared_e2e,42,class_scale,sofa,,small
shared_e2e,42,class_scale,sofa,0.0,medium
shared_e2e,42,class_scale,sofa,0.0957956640301847,large
shared_e2e,42,class_scale,train,,small
shared_e2e,42,class_scale,train,0.0,medium
shared_e2e,42,class_scale,train,0.0646205528367792,large
shared_e2e,42,class_scale,tvmonitor,0.0,small
shared_e2e,42,class_scale,tvmonitor,0.0067326732673267,medium
shared_e2e,42,class_scale,tvmonitor,0.041048969761841,large
shared_e2e,42,iou,0.50,0.1413214057683944,
shared_e2e,42,iou,0.55,0.1363550126552581,
shared_e2e,42,iou,0.60,0.1256158798933029,
shared_e2e,42,iou,0.65,0.1214337646961212,
shared_e2e,42,iou,0.70,0.1118533983826637,
shared_e2e,42,iou,0.75,0.0909885019063949,
shared_e2e,42,iou,0.80,0.0718807578086853,
shared_e2e,42,iou,0.85,0.0565529316663742,
shared_e2e,42,iou,0.90,0.0293060205876827,
shared_e2e,42,iou,0.95,0.0040218089707195,
baseline,43,area,all,0.1032892614603042,
baseline,43,area,small,0.0472895838320255,
baseline,43,area,medium,0.1138679906725883,
baseline,43,area,large,0.176515981554985,
baseline,43,class,aeroplane,0.1051231250166893,
baseline,43,class,bicycle,0.0636320784687995,
baseline,43,class,bird,0.0213346220552921,
baseline,43,class,boat,0.0,
baseline,43,class,bottle,0.3097029626369476,
baseline,43,class,bus,0.0099156005308032,
baseline,43,class,car,0.2761181592941284,
baseline,43,class,cat,0.09320118278265,
baseline,43,class,chair,0.1635784059762954,
baseline,43,class,cow,0.0815131217241287,
baseline,43,class,diningtable,0.0860096886754036,
baseline,43,class,dog,0.0101774763315916,
baseline,43,class,horse,0.1391603350639343,
baseline,43,class,motorbike,0.1209641695022583,
baseline,43,class,person,0.2670623362064361,
baseline,43,class,pottedplant,0.0323432348668575,
baseline,43,class,sheep,0.0,
baseline,43,class,sofa,0.155811533331871,
baseline,43,class,train,0.0556434877216815,
baseline,43,class,tvmonitor,0.0744937509298324,
baseline,43,class_scale,aeroplane,,small
baseline,43,class_scale,aeroplane,,medium
baseline,43,class_scale,aeroplane,0.1117348843243457,large
baseline,43,class_scale,bicycle,,small
baseline,43,class_scale,bicycle,0.2442244224422442,medium
baseline,43,class_scale,bicycle,0.0706313488491706,large
baseline,43,class_scale,bird,,small
baseline,43,class_scale,bird,0.0787037037037036,medium
baseline,43,class_scale,bird,0.0073670651962674,large
baseline,43,class_scale,boat,,small
baseline,43,class_scale,boat,0.0,medium
baseline,43,class_scale,boat,0.0,large
baseline,43,class_scale,bottle,0.0,small
baseline,43,class_scale,bottle,,medium
baseline,43,class_scale,bottle,0.6277227722772277,large
baseline,43,class_scale,bus,0.0,small
baseline,43,class_scale,bus,0.0,medium
baseline,43,class_scale,bus,0.0373830255277548,large
baseline,43,class_scale,car,0.2551155115511551,small
baseline,43,class_scale,car,0.5017517136329018,medium
baseline,43,class_scale,car,0.3790606201258318,large
baseline,43,class_scale,cat,,small
baseline,43,class_scale,cat,,medium
baseline,43,class_scale,cat,0.0933708313969711,large
baseline,43,class_scale,chair,,small
baseline,43,class_scale,chair,0.2397942855607909,medium
baseline,43,class_scale,chair,0.1249773746194054,large
baseline,43,class_scale,cow,0.0164356435643564,small
baseline,43,class_scale,cow,0.1435516527344724,medium
baseline,43,class_scale,cow,0.0521102972366202,large
baseline,43,class_scale,diningtable,,small
baseline,43,class_scale,diningtable,0.0,medium
baseline,43,class_scale,diningtable,0.178126166275164,large
baseline,43,class_scale,dog,,small
baseline,43,class_scale,dog,,medium
baseline,43,class_scale,dog,0.0122918814241905,large
baseline,43,class_scale,horse,0.0,small
baseline,43,class_scale,horse,0.4599999999999998,medium
baseline,43,class_scale,horse,0.1469539811123969,large
baseline,43,class_scale,motorbike,0.0,small
baseline,43,class_scale,motorbike,0.0,medium
baseline,43,class_scale,motorbike,0.212980772434492,large
baseline,43,class_scale,person,0.1540550981027462,small
baseline,43,class_scale,person,0.1538621122281643,medium
baseline,43,class_scale,person,0.4005828611310117,large
baseline,43,class_scale,pottedplant,,small
baseline,43,class_scale,pottedplant,0.0,medium
baseline,43,class_scale,pottedplant,0.5999999999999999,large
baseline,43,class_scale,sheep,0.0,small
baseline,43,class_scale,sheep,0.0,medium
baseline,43,class_scale,sheep,0.0,large
baseline,43,class_scale,sofa,,small
baseline,43,class_scale,sofa,0.0,medium
baseline,43,class_scale,sofa,0.250179820892282,large
baseline,43,class_scale,train,,small
baseline,43,class_scale,train,0.0,medium
baseline,43,class_scale,train,0.1001446886987557,large
baseline,43,class_scale,tvmonitor,0.0,small
baseline,43,class_scale,tvmonitor,0.0,medium
baseline,43,class_scale,tvmonitor,0.124701283819833,large
baseline,43,iou,0.50,0.1620469689369201,
baseline,43,iou,0.55,0.1607112288475036,
baseline,43,iou,0.60,0.1556538641452789,
baseline,43,iou,0.65,0.1471160799264907,
baseline,43,iou,0.70,0.1305630058050155,
baseline,43,iou,0.75,0.1095642149448394,
baseline,43,iou,0.80,0.07938102632761,
baseline,43,iou,0.85,0.0568181723356246,
baseline,43,iou,0.90,0.0259245689958333,
baseline,43,iou,0.95,0.0051135034300386,
shared_e2e,43,area,all,0.107321910560131,
shared_e2e,43,area,small,0.0584628023207187,
shared_e2e,43,area,medium,0.12041487544775,
shared_e2e,43,area,large,0.1408754289150238,
shared_e2e,43,class,aeroplane,0.0444817990064621,
shared_e2e,43,class,bicycle,0.0360836088657379,
shared_e2e,43,class,bird,0.1757907271385193,
shared_e2e,43,class,boat,0.0,
shared_e2e,43,class,bottle,0.2445988804101944,
shared_e2e,43,class,bus,0.0002759292256087,
shared_e2e,43,class,car,0.249001607298851,
shared_e2e,43,class,cat,0.1362915635108947,
shared_e2e,43,class,chair,0.1211659535765647,
shared_e2e,43,class,cow,0.0740974992513656,
shared_e2e,43,class,diningtable,0.0638283863663673,
shared_e2e,43,class,dog,0.0173550359904766,
shared_e2e,43,class,horse,0.2565252184867859,
shared_e2e,43,class,motorbike,0.0269866995513439,
shared_e2e,43,class,person,0.2381346821784973,
shared_e2e,43,class,pottedplant,0.0162649787962436,
shared_e2e,43,class,sheep,0.0,
shared_e2e,43,class,sofa,0.0599810741841793,
shared_e2e,43,class,train,0.2647909522056579,
shared_e2e,43,class,tvmonitor,0.1207835897803306,
shared_e2e,43,class_scale,aeroplane,,small
shared_e2e,43,class_scale,aeroplane,,medium
shared_e2e,43,class_scale,aeroplane,0.0600708577397816,large
shared_e2e,43,class_scale,bicycle,,small
shared_e2e,43,class_scale,bicycle,0.0,medium
shared_e2e,43,class_scale,bicycle,0.070600707983684,large
shared_e2e,43,class_scale,bird,,small
shared_e2e,43,class_scale,bird,0.7031249999999999,medium
shared_e2e,43,class_scale,bird,0.0525608094247338,large
shared_e2e,43,class_scale,boat,,small
shared_e2e,43,class_scale,boat,0.0,medium
shared_e2e,43,class_scale,boat,0.0,large
shared_e2e,43,class_scale,bottle,0.0,small
shared_e2e,43,class_scale,bottle,,medium
shared_e2e,43,class_scale,bottle,0.4996699669966996,large
shared_e2e,43,class_scale,bus,0.0,small
shared_e2e,43,class_scale,bus,0.0,medium
shared_e2e,43,class_scale,bus,0.0010743627554244,large
shared_e2e,43,class_scale,car,0.2693894389438944,small
shared_e2e,43,class_scale,car,0.5226206843717847,medium
shared_e2e,43,class_scale,car,0.3867532692652584,large
shared_e2e,43,class_scale,cat,,small
shared_e2e,43,class_scale,cat,,medium
shared_e2e,43,class_scale,cat,0.1362932166702258,large
shared_e2e,43,class_scale,chair,,small
shared_e2e,43,class_scale,chair,0.2116556965015104,medium
shared_e2e,43,class_scale,chair,0.0651555551322623,large
shared_e2e,43,class_scale,cow,0.1204620462046204,small
shared_e2e,43,class_scale,cow,0.0976854264373805,medium
shared_e2e,43,class_scale,cow,0.0193069306930693,large
shared_e2e,43,class_scale,diningtable,,small
shared_e2e,43,class_scale,diningtable,0.0,medium
shared_e2e,43,class_scale,diningtable,0.1165711307972902,large
shared_e2e,43,class_scale,dog,,small
shared_e2e,43,class_scale,dog,,medium
shared_e2e,43,class_scale,dog,0.0199879202202117,large
shared_e2e,43,class_scale,horse,0.0,small
shared_e2e,43,class_scale,horse,0.1666666666666666,medium
shared_e2e,43,class_scale,horse,0.3896990028296823,large
shared_e2e,43,class_scale,motorbike,0.0,small
shared_e2e,43,class_scale,motorbike,0.0,medium
shared_e2e,43,class_scale,motorbike,0.0483048182827391,large
shared_e2e,43,class_scale,person,0.1363137247790713,small
shared_e2e,43,class_scale,person,0.1661596087845538,medium
shared_e2e,43,class_scale,person,0.314851266528611,large
shared_e2e,43,class_scale,pottedplant,,small
shared_e2e,43,class_scale,pottedplant,0.0172067206720672,medium
shared_e2e,43,class_scale,pottedplant,0.0499999999999999,large
shared_e2e,43,class_scale,sheep,0.0,small
shared_e2e,43,class_scale,sheep,0.0,medium
shared_e2e,43,class_scale,sheep,0.0,large
shared_e2e,43,class_scale,sofa,,small
shared_e2e,43,class_scale,sofa,0.0,medium
shared_e2e,43,class_scale,sofa,0.0674158244604126,large
shared_e2e,43,class_scale,train,,small
shared_e2e,43,class_scale,train,0.0,medium
shared_e2e,43,class_scale,train,0.3433453060689292,large
shared_e2e,43,class_scale,tvmonitor,0.0,small
shared_e2e,43,class_scale,tvmonitor,0.0415181518151815,medium
shared_e2e,43,class_scale,tvmonitor,0.1758475847584758,large
shared_e2e,43,iou,0.50,0.1705471724271774,
shared_e2e,43,iou,0.55,0.1667759418487548,
shared_e2e,43,iou,0.60,0.1611932218074798,
shared_e2e,43,iou,0.65,0.1537021249532699,
shared_e2e,43,iou,0.70,0.1389651745557785,
shared_e2e,43,iou,0.75,0.1055928021669387,
shared_e2e,43,iou,0.80,0.0875059440732002,
shared_e2e,43,iou,0.85,0.0533173456788063,
shared_e2e,43,iou,0.90,0.0263160876929759,
shared_e2e,43,iou,0.95,0.0093032801523804,
baseline,44,area,all,0.0433730296790599,
baseline,44,area,small,0.0369203649461269,
baseline,44,area,medium,0.0565265230834484,
baseline,44,area,large,0.1001408621668815,
baseline,44,class,aeroplane,0.0352718122303485,
baseline,44,class,bicycle,0.0290026888251304,
baseline,44,class,bird,0.0118428487330675,
baseline,44,class,boat,0.0,
baseline,44,class,bottle,0.0206684134900569,
baseline,44,class,bus,0.0117821786552667,
baseline,44,class,car,0.1349946558475494,
baseline,44,class,cat,0.0439390316605567,
baseline,44,class,chair,0.1248990595340728,
baseline,44,class,cow,0.0242111776024103,
baseline,44,class,diningtable,0.0,
baseline,44,class,dog,0.0158575177192688,
baseline,44,class,horse,0.0204327646642923,
baseline,44,class,motorbike,0.0268920715898275,
baseline,44,class,person,0.1769687235355377,
baseline,44,class,pottedplant,0.1192619279026985,
baseline,44,class,sheep,0.0,
baseline,44,class,sofa,0.0115924095734953,
baseline,44,class,train,0.0251151304692029,
baseline,44,class,tvmonitor,0.0347281880676746,
baseline,44,class_scale,aeroplane,,small
baseline,44,class_scale,aeroplane,,medium
baseline,44,class_scale,aeroplane,0.0819511590735663,large
baseline,44,class_scale,bicycle,,small
baseline,44,class_scale,bicycle,0.005049504950495,medium
baseline,44,class_scale,bicycle,0.060683083600251,large
baseline,44,class_scale,bird,,small
baseline,44,class_scale,bird,0.0459239130434782,medium
baseline,44,class_scale,bird,0.0098224653571798,large
baseline,44,class_scale,boat,,small
baseline,44,class_scale,boat,0.0,medium
baseline,44,class_scale,boat,0.0,large
baseline,44,class_scale,bottle,0.0,small
baseline,44,class_scale,bottle,,medium
baseline,44,class_scale,bottle,0.3138613861386138,large
baseline,44,class_scale,bus,0.0,small
baseline,44,class_scale,bus,0.0336633663366336,medium
baseline,44,class_scale,bus,0.0,large
baseline,44,class_scale,car,0.1682068206820682,small
baseline,44,class_scale,car,0.3552662913350157,medium
baseline,44,class_scale,car,0.1213389927024092,large
baseline,44,class_scale,cat,,small
baseline,44,class_scale,cat,,medium
baseline,44,class_scale,cat,0.0447766479923942,large
baseline,44,class_scale,chair,,small
baseline,44,class_scale,chair,0.1902369329936764,medium
baseline,44,class_scale,chair,0.0862322791506387,large
baseline,44,class_scale,cow,0.0,small
baseline,44,class_scale,cow,0.0486633663366336,medium
baseline,44,class_scale,cow,0.0314002828854314,large
baseline,44,class_scale,diningtable,,small
baseline,44,class_scale,diningtable,0.0,medium
baseline,44,class_scale,diningtable,0.0,large
baseline,44,class_scale,dog,,small
baseline,44,class_scale,dog,,medium
baseline,44,class_scale,dog,0.0199758159745293,large
baseline,44,class_scale,horse,0.0,small
baseline,44,class_scale,horse,0.0,medium
baseline,44,class_scale,horse,0.054432384232212,large
baseline,44,class_scale,motorbike,0.0,small
baseline,44,class_scale,motorbike,0.0,medium
baseline,44,class_scale,motorbike,0.0602925880709141,large
baseline,44,class_scale,person,0.1640764537446652,small
baseline,44,class_scale,person,0.1605338670773305,medium
baseline,44,class_scale,person,0.2260379636090571,large
baseline,44,class_scale,pottedplant,,small
baseline,44,class_scale,pottedplant,0.0509130913091309,medium
baseline,44,class_scale,pottedplant,0.5999999999999999,large
baseline,44,class_scale,sheep,0.0,small
baseline,44,class_scale,sheep,0.0,medium
baseline,44,class_scale,sheep,0.0,large
baseline,44,class_scale,sofa,,small
baseline,44,class_scale,sofa,0.0,medium
baseline,44,class_scale,sofa,0.0272324375294672,large
baseline,44,class_scale,train,,small
baseline,44,class_scale,train,0.0,medium
baseline,44,class_scale,train,0.0314464769721524,large
baseline,44,class_scale,tvmonitor,0.0,small
baseline,44,class_scale,tvmonitor,0.0141740489838457,medium
baseline,44,class_scale,tvmonitor,0.2333333333333333,large
baseline,44,iou,0.50,0.0814912468194961,
baseline,44,iou,0.55,0.0695968642830848,
baseline,44,iou,0.60,0.0675003826618194,
baseline,44,iou,0.65,0.0636150985956192,
baseline,44,iou,0.70,0.0560997873544693,
baseline,44,iou,0.75,0.0466532483696937,
baseline,44,iou,0.80,0.029741134494543,
baseline,44,iou,0.85,0.0143154105171561,
baseline,44,iou,0.90,0.0042221639305353,
baseline,44,iou,0.95,0.0004949601134285,
shared_e2e,44,area,all,0.0634765550494194,
shared_e2e,44,area,small,0.0381192490458488,
shared_e2e,44,area,medium,0.0704634860157966,
shared_e2e,44,area,large,0.0934586152434349,
shared_e2e,44,class,aeroplane,0.0938438773155212,
shared_e2e,44,class,bicycle,0.029119536280632,
shared_e2e,44,class,bird,0.0999406799674034,
shared_e2e,44,class,boat,0.0038253825623542,
shared_e2e,44,class,bottle,0.010951928794384,
shared_e2e,44,class,bus,0.0342244207859039,
shared_e2e,44,class,car,0.1418127566576004,
shared_e2e,44,class,cat,0.2714045643806457,
shared_e2e,44,class,chair,0.1161185503005981,
shared_e2e,44,class,cow,0.0215504374355077,
shared_e2e,44,class,diningtable,0.0,
shared_e2e,44,class,dog,0.015161108225584,
shared_e2e,44,class,horse,0.03294063732028,
shared_e2e,44,class,motorbike,0.0266157574951648,
shared_e2e,44,class,person,0.1985347718000412,
shared_e2e,44,class,pottedplant,0.0238788593560457,
shared_e2e,44,class,sheep,0.0148514853790402,
shared_e2e,44,class,sofa,0.1162641644477844,
shared_e2e,44,class,train,0.0099927317351102,
shared_e2e,44,class,tvmonitor,0.0084994211792945,
shared_e2e,44,class_scale,aeroplane,,small
shared_e2e,44,class_scale,aeroplane,,medium
shared_e2e,44,class_scale,aeroplane,0.1815347295098173,large
shared_e2e,44,class_scale,bicycle,,small
shared_e2e,44,class_scale,bicycle,0.0164001015486164,medium
shared_e2e,44,class_scale,bicycle,0.0469158644800221,large
shared_e2e,44,class_scale,bird,,small
shared_e2e,44,class_scale,bird,0.2999999999999999,medium
shared_e2e,44,class_scale,bird,0.0654088542367307,large
shared_e2e,44,class_scale,boat,,small
shared_e2e,44,class_scale,boat,0.0,medium
shared_e2e,44,class_scale,boat,0.014026402640264,large
shared_e2e,44,class_scale,bottle,0.0,small
shared_e2e,44,class_scale,bottle,,medium
shared_e2e,44,class_scale,bottle,0.1586596159615961,large
shared_e2e,44,class_scale,bus,0.0,small
shared_e2e,44,class_scale,bus,0.0589108910891089,medium
shared_e2e,44,class_scale,bus,0.0297029702970297,large
shared_e2e,44,class_scale,car,0.2347731201691598,small
shared_e2e,44,class_scale,car,0.3377286478647864,medium
shared_e2e,44,class_scale,car,0.1566410065811454,large
shared_e2e,44,class_scale,cat,,small
shared_e2e,44,class_scale,cat,,medium
shared_e2e,44,class_scale,cat,0.2715140125647156,large
shared_e2e,44,class_scale,chair,,small
shared_e2e,44,class_scale,chair,0.1693785450023158,medium
shared_e2e,44,class_scale,chair,0.087157267380577,large
shared_e2e,44,class_scale,cow,0.0,small
shared_e2e,44,class_scale,cow,0.019086908690869,medium
shared_e2e,44,class_scale,cow,0.219026402640264,large
shared_e2e,44,class_scale,diningtable,,small
shared_e2e,44,class_scale,diningtable,0.0,medium
shared_e2e,44,class_scale,diningtable,0.0,large
shared_e2e,44,class_scale,dog,,small
shared_e2e,44,class_scale,dog,,medium
shared_e2e,44,class_scale,dog,0.0169322442689765,large
shared_e2e,44,class_scale,horse,0.0,small
shared_e2e,44,class_scale,horse,0.0,medium
shared_e2e,44,class_scale,horse,0.0658721663672158,large
shared_e2e,44,class_scale,motorbike,0.0,small
shared_e2e,44,class_scale,motorbike,0.0,medium
shared_e2e,44,class_scale,motorbike,0.0479724433960871,large
shared_e2e,44,class_scale,person,0.1083001184733857,small
shared_e2e,44,class_scale,person,0.1453111655603268,medium
shared_e2e,44,class_scale,person,0.2609927864114864,large
shared_e2e,44,class_scale,pottedplant,,small
shared_e2e,44,class_scale,pottedplant,0.0143014301430143,medium
shared_e2e,44,class_scale,pottedplant,0.0625,large
shared_e2e,44,class_scale,sheep,0.0,small
shared_e2e,44,class_scale,sheep,0.0561056105610561,medium
shared_e2e,44,class_scale,sheep,0.0,large
shared_e2e,44,class_scale,sofa,,small
shared_e2e,44,class_scale,sofa,0.0,medium
shared_e2e,44,class_scale,sofa,0.1412105841574466,large
shared_e2e,44,class_scale,train,,small
shared_e2e,44,class_scale,train,0.0,medium
shared_e2e,44,class_scale,train,0.0134019923435933,large
shared_e2e,44,class_scale,tvmonitor,0.0,small
shared_e2e,44,class_scale,tvmonitor,0.0101925192519251,medium
shared_e2e,44,class_scale,tvmonitor,0.0297029702970297,large
shared_e2e,44,iou,0.50,0.1045588329434394,
shared_e2e,44,iou,0.55,0.0973541960120201,
shared_e2e,44,iou,0.60,0.0925509333610534,
shared_e2e,44,iou,0.65,0.0870739370584487,
shared_e2e,44,iou,0.70,0.0750444456934928,
shared_e2e,44,iou,0.75,0.0635653510689735,
shared_e2e,44,iou,0.80,0.052005086094141,
shared_e2e,44,iou,0.85,0.0330680646002292,
shared_e2e,44,iou,0.90,0.0220688190311193,
shared_e2e,44,iou,0.95,0.0074758757837116,
shared_e2e_rep_projected,42,area,all,0.0945624485611915,
shared_e2e_rep_projected,42,area,small,0.0479336231946945,
shared_e2e_rep_projected,42,area,medium,0.1444925665855407,
shared_e2e_rep_projected,42,area,large,0.1366022378206253,
shared_e2e_rep_projected,42,class,aeroplane,0.0386764705181121,
shared_e2e_rep_projected,42,class,bicycle,0.2009485512971878,
shared_e2e_rep_projected,42,class,bird,0.2110453695058822,
shared_e2e_rep_projected,42,class,boat,0.0,
shared_e2e_rep_projected,42,class,bottle,0.1088852658867836,
shared_e2e_rep_projected,42,class,bus,0.0549751780927181,
shared_e2e_rep_projected,42,class,car,0.1644727140665054,
shared_e2e_rep_projected,42,class,cat,0.1727949678897857,
shared_e2e_rep_projected,42,class,chair,0.189163327217102,
shared_e2e_rep_projected,42,class,cow,0.1014542579650878,
shared_e2e_rep_projected,42,class,diningtable,0.0,
shared_e2e_rep_projected,42,class,dog,0.0176006499677896,
shared_e2e_rep_projected,42,class,horse,0.0282903704792261,
shared_e2e_rep_projected,42,class,motorbike,0.0462719574570655,
shared_e2e_rep_projected,42,class,person,0.2934082448482513,
shared_e2e_rep_projected,42,class,pottedplant,0.0907040685415268,
shared_e2e_rep_projected,42,class,sheep,0.0,
shared_e2e_rep_projected,42,class,sofa,0.1026619747281074,
shared_e2e_rep_projected,42,class,train,0.0226058792322874,
shared_e2e_rep_projected,42,class,tvmonitor,0.0472896546125412,
shared_e2e_rep_projected,42,class_scale,aeroplane,,small
shared_e2e_rep_projected,42,class_scale,aeroplane,,medium
shared_e2e_rep_projected,42,class_scale,aeroplane,0.0535030460208908,large
shared_e2e_rep_projected,42,class_scale,bicycle,,small
shared_e2e_rep_projected,42,class_scale,bicycle,0.3346534653465347,medium
shared_e2e_rep_projected,42,class_scale,bicycle,0.2235927120830322,large
shared_e2e_rep_projected,42,class_scale,bird,,small
shared_e2e_rep_projected,42,class_scale,bird,0.7999999999999999,medium
shared_e2e_rep_projected,42,class_scale,bird,0.054950555357571,large
shared_e2e_rep_projected,42,class_scale,boat,,small
shared_e2e_rep_projected,42,class_scale,boat,0.0,medium
shared_e2e_rep_projected,42,class_scale,boat,0.0,large
shared_e2e_rep_projected,42,class_scale,bottle,0.0,small
shared_e2e_rep_projected,42,class_scale,bottle,,medium
shared_e2e_rep_projected,42,class_scale,bottle,0.4173679867986798,large
shared_e2e_rep_projected,42,class_scale,bus,0.0,small
shared_e2e_rep_projected,42,class_scale,bus,0.104050405040504,medium
shared_e2e_rep_projected,42,class_scale,bus,0.0092748734803793,large
shared_e2e_rep_projected,42,class_scale,car,0.2572457245724572,small
shared_e2e_rep_projected,42,class_scale,car,0.2983248324832483,medium
shared_e2e_rep_projected,42,class_scale,car,0.2509176224552396,large
shared_e2e_rep_projected,42,class_scale,cat,,small
shared_e2e_rep_projected,42,class_scale,cat,,medium
shared_e2e_rep_projected,42,class_scale,cat,0.1728319921263194,large
shared_e2e_rep_projected,42,class_scale,chair,,small
shared_e2e_rep_projected,42,class_scale,chair,0.2409401227625957,medium
shared_e2e_rep_projected,42,class_scale,chair,0.1494945574798431,large
shared_e2e_rep_projected,42,class_scale,cow,0.0,small
shared_e2e_rep_projected,42,class_scale,cow,0.147423294961075,medium
shared_e2e_rep_projected,42,class_scale,cow,0.2046508598228244,large
shared_e2e_rep_projected,42,class_scale,diningtable,,small
shared_e2e_rep_projected,42,class_scale,diningtable,0.0,medium
shared_e2e_rep_projected,42,class_scale,diningtable,0.0,large
shared_e2e_rep_projected,42,class_scale,dog,,small
shared_e2e_rep_projected,42,class_scale,dog,,medium
shared_e2e_rep_projected,42,class_scale,dog,0.0205934295462865,large
shared_e2e_rep_projected,42,class_scale,horse,0.0,small
shared_e2e_rep_projected,42,class_scale,horse,0.0,medium
shared_e2e_rep_projected,42,class_scale,horse,0.0528657865786578,large
shared_e2e_rep_projected,42,class_scale,motorbike,0.0,small
shared_e2e_rep_projected,42,class_scale,motorbike,0.175,medium
shared_e2e_rep_projected,42,class_scale,motorbike,0.0734690784571085,large
shared_e2e_rep_projected,42,class_scale,person,0.1741568904789638,small
shared_e2e_rep_projected,42,class_scale,person,0.1960716896381334,medium
shared_e2e_rep_projected,42,class_scale,person,0.4150674754178277,large
shared_e2e_rep_projected,42,class_scale,pottedplant,,small
shared_e2e_rep_projected,42,class_scale,pottedplant,0.0154172560113154,medium
shared_e2e_rep_projected,42,class_scale,pottedplant,0.4,large
shared_e2e_rep_projected,42,class_scale,sheep,0.0,small
shared_e2e_rep_projected,42,class_scale,sheep,0.0,medium
shared_e2e_rep_projected,42,class_scale,sheep,0.0,large
shared_e2e_rep_projected,42,class_scale,sofa,,small
shared_e2e_rep_projected,42,class_scale,sofa,0.0,medium
shared_e2e_rep_projected,42,class_scale,sofa,0.1144938895901364,large
shared_e2e_rep_projected,42,class_scale,train,,small
shared_e2e_rep_projected,42,class_scale,train,0.0,medium
shared_e2e_rep_projected,42,class_scale,train,0.0319585290622251,large
shared_e2e_rep_projected,42,class_scale,tvmonitor,0.0,small
shared_e2e_rep_projected,42,class_scale,tvmonitor,0.0,medium
shared_e2e_rep_projected,42,class_scale,tvmonitor,0.0870122492125373,large
shared_e2e_rep_projected,42,iou,0.50,0.1600221039195752,
shared_e2e_rep_projected,42,iou,0.55,0.1501829674337422,
shared_e2e_rep_projected,42,iou,0.60,0.1440850519677157,
shared_e2e_rep_projected,42,iou,0.65,0.1259506250234451,
shared_e2e_rep_projected,42,iou,0.70,0.1160489045653147,
shared_e2e_rep_projected,42,iou,0.75,0.1014229969287713,
shared_e2e_rep_projected,42,iou,0.80,0.0705037937957106,
shared_e2e_rep_projected,42,iou,0.85,0.0497997448440281,
shared_e2e_rep_projected,42,iou,0.90,0.0188306577370155,
shared_e2e_rep_projected,42,iou,0.95,0.0087776123163734,
shared_e2e_rep_projected,43,area,all,0.1269173622131347,
shared_e2e_rep_projected,43,area,small,0.0453084670007228,
shared_e2e_rep_projected,43,area,medium,0.1212650910019874,
shared_e2e_rep_projected,43,area,large,0.1767553687095642,
shared_e2e_rep_projected,43,class,aeroplane,0.0952599868178367,
shared_e2e_rep_projected,43,class,bicycle,0.052510317414999,
shared_e2e_rep_projected,43,class,bird,0.0778751894831657,
shared_e2e_rep_projected,43,class,boat,0.0370662622153759,
shared_e2e_rep_projected,43,class,bottle,0.2628712952136993,
shared_e2e_rep_projected,43,class,bus,0.0121801560744643,
shared_e2e_rep_projected,43,class,car,0.2559973895549774,
shared_e2e_rep_projected,43,class,cat,0.2486861497163772,
shared_e2e_rep_projected,43,class,chair,0.1991273015737533,
shared_e2e_rep_projected,43,class,cow,0.1081501170992851,
shared_e2e_rep_projected,43,class,diningtable,0.0356435626745224,
shared_e2e_rep_projected,43,class,dog,0.0098089724779129,
shared_e2e_rep_projected,43,class,horse,0.3663093447685241,
shared_e2e_rep_projected,43,class,motorbike,0.056878987699747,
shared_e2e_rep_projected,43,class,person,0.2270158231258392,
shared_e2e_rep_projected,43,class,pottedplant,0.0260861460119485,
shared_e2e_rep_projected,43,class,sheep,0.0,
shared_e2e_rep_projected,43,class,sofa,0.1100134924054145,
shared_e2e_rep_projected,43,class,train,0.296392947435379,
shared_e2e_rep_projected,43,class,tvmonitor,0.0604739487171173,
shared_e2e_rep_projected,43,class_scale,aeroplane,,small
shared_e2e_rep_projected,43,class_scale,aeroplane,,medium
shared_e2e_rep_projected,43,class_scale,aeroplane,0.1074321079072513,large
shared_e2e_rep_projected,43,class_scale,bicycle,,small
shared_e2e_rep_projected,43,class_scale,bicycle,0.0168316831683168,medium
shared_e2e_rep_projected,43,class_scale,bicycle,0.0808629841469306,large
shared_e2e_rep_projected,43,class_scale,bird,,small
shared_e2e_rep_projected,43,class_scale,bird,0.2,medium
shared_e2e_rep_projected,43,class_scale,bird,0.0551096032735991,large
shared_e2e_rep_projected,43,class_scale,boat,,small
shared_e2e_rep_projected,43,class_scale,boat,0.0,medium
shared_e2e_rep_projected,43,class_scale,boat,0.1119002284843868,large
shared_e2e_rep_projected,43,class_scale,bottle,0.0,small
shared_e2e_rep_projected,43,class_scale,bottle,,medium
shared_e2e_rep_projected,43,class_scale,bottle,0.5124917491749174,large
shared_e2e_rep_projected,43,class_scale,bus,0.0,small
shared_e2e_rep_projected,43,class_scale,bus,0.0269306930693069,medium
shared_e2e_rep_projected,43,class_scale,bus,0.0143988684582744,large
shared_e2e_rep_projected,43,class_scale,car,0.1781298129812981,small
shared_e2e_rep_projected,43,class_scale,car,0.5133064954847133,medium
shared_e2e_rep_projected,43,class_scale,car,0.3273298734688152,large
shared_e2e_rep_projected,43,class_scale,cat,,small
shared_e2e_rep_projected,43,class_scale,cat,,medium
shared_e2e_rep_projected,43,class_scale,cat,0.2486998136614894,large
shared_e2e_rep_projected,43,class_scale,chair,,small
shared_e2e_rep_projected,43,class_scale,chair,0.2409941917321917,medium
shared_e2e_rep_projected,43,class_scale,chair,0.2536121428594903,large
shared_e2e_rep_projected,43,class_scale,cow,0.0463366336633663,small
shared_e2e_rep_projected,43,class_scale,cow,0.1895259298225837,medium
shared_e2e_rep_projected,43,class_scale,cow,0.0324469589816124,large
shared_e2e_rep_projected,43,class_scale,diningtable,,small
shared_e2e_rep_projected,43,class_scale,diningtable,0.0,medium
shared_e2e_rep_projected,43,class_scale,diningtable,0.0623762376237623,large
shared_e2e_rep_projected,43,class_scale,dog,,small
shared_e2e_rep_projected,43,class_scale,dog,,medium
shared_e2e_rep_projected,43,class_scale,dog,0.0115956926552128,large
shared_e2e_rep_projected,43,class_scale,horse,0.0,small
shared_e2e_rep_projected,43,class_scale,horse,0.5333333333333332,medium
shared_e2e_rep_projected,43,class_scale,horse,0.4925530294829872,large
shared_e2e_rep_projected,43,class_scale,motorbike,0.0,small
shared_e2e_rep_projected,43,class_scale,motorbike,0.0,medium
shared_e2e_rep_projected,43,class_scale,motorbike,0.12669598342813,large
shared_e2e_rep_projected,43,class_scale,person,0.1833097595473833,small
shared_e2e_rep_projected,43,class_scale,person,0.1856844230866261,medium
shared_e2e_rep_projected,43,class_scale,person,0.3087577885245595,large
shared_e2e_rep_projected,43,class_scale,pottedplant,,small
shared_e2e_rep_projected,43,class_scale,pottedplant,0.0146990242502511,medium
shared_e2e_rep_projected,43,class_scale,pottedplant,0.1666666666666666,large
shared_e2e_rep_projected,43,class_scale,sheep,0.0,small
shared_e2e_rep_projected,43,class_scale,sheep,0.0,medium
shared_e2e_rep_projected,43,class_scale,sheep,0.0,large
shared_e2e_rep_projected,43,class_scale,sofa,,small
shared_e2e_rep_projected,43,class_scale,sofa,0.0,medium
shared_e2e_rep_projected,43,class_scale,sofa,0.1358071970575187,large
shared_e2e_rep_projected,43,class_scale,train,,small
shared_e2e_rep_projected,43,class_scale,train,0.0,medium
shared_e2e_rep_projected,43,class_scale,train,0.3756401264410886,large
shared_e2e_rep_projected,43,class_scale,tvmonitor,0.0,small
shared_e2e_rep_projected,43,class_scale,tvmonitor,0.0189356435643564,medium
shared_e2e_rep_projected,43,class_scale,tvmonitor,0.1107304033570778,large
shared_e2e_rep_projected,43,iou,0.50,0.1898075261465237,
shared_e2e_rep_projected,43,iou,0.55,0.1873141158374963,
shared_e2e_rep_projected,43,iou,0.60,0.1795606395095239,
shared_e2e_rep_projected,43,iou,0.65,0.167356679073495,
shared_e2e_rep_projected,43,iou,0.70,0.1600968469836322,
shared_e2e_rep_projected,43,iou,0.75,0.1419168536942488,
shared_e2e_rep_projected,43,iou,0.80,0.1129704495872927,
shared_e2e_rep_projected,43,iou,0.85,0.0791245402191964,
shared_e2e_rep_projected,43,iou,0.90,0.0432845346825797,
shared_e2e_rep_projected,43,iou,0.95,0.0077415049378424,
shared_e2e_rep_projected,44,area,all,0.0617137961089611,
shared_e2e_rep_projected,44,area,small,0.0452236533164978,
shared_e2e_rep_projected,44,area,medium,0.0848601683974266,
shared_e2e_rep_projected,44,area,large,0.1042701750993728,
shared_e2e_rep_projected,44,class,aeroplane,0.0489934124052524,
shared_e2e_rep_projected,44,class,bicycle,0.0567047074437141,
shared_e2e_rep_projected,44,class,bird,0.0288247466087341,
shared_e2e_rep_projected,44,class,boat,0.0417418256402015,
shared_e2e_rep_projected,44,class,bottle,0.0016465777298435,
shared_e2e_rep_projected,44,class,bus,0.1178217828273773,
shared_e2e_rep_projected,44,class,car,0.1588334143161773,
shared_e2e_rep_projected,44,class,cat,0.0668187513947486,
shared_e2e_rep_projected,44,class,chair,0.0869977101683616,
shared_e2e_rep_projected,44,class,cow,0.0335855856537818,
shared_e2e_rep_projected,44,class,diningtable,0.0,
shared_e2e_rep_projected,44,class,dog,0.0140991173684597,
shared_e2e_rep_projected,44,class,horse,0.0596336014568805,
shared_e2e_rep_projected,44,class,motorbike,0.0208828207105398,
shared_e2e_rep_projected,44,class,person,0.1847033649682998,
shared_e2e_rep_projected,44,class,pottedplant,0.2235077321529388,
shared_e2e_rep_projected,44,class,sheep,0.0311881192028522,
shared_e2e_rep_projected,44,class,sofa,0.0210703425109386,
shared_e2e_rep_projected,44,class,train,0.0196630712598562,
shared_e2e_rep_projected,44,class,tvmonitor,0.0175592564046382,
shared_e2e_rep_projected,44,class_scale,aeroplane,,small
shared_e2e_rep_projected,44,class_scale,aeroplane,,medium
shared_e2e_rep_projected,44,class_scale,aeroplane,0.0749614191517175,large
shared_e2e_rep_projected,44,class_scale,bicycle,,small
shared_e2e_rep_projected,44,class_scale,bicycle,0.0155021216407355,medium
shared_e2e_rep_projected,44,class_scale,bicycle,0.1137560207053949,large
shared_e2e_rep_projected,44,class_scale,bird,,small
shared_e2e_rep_projected,44,class_scale,bird,0.1088888888888889,medium
shared_e2e_rep_projected,44,class_scale,bird,0.0285914901152554,large
shared_e2e_rep_projected,44,class_scale,boat,,small
shared_e2e_rep_projected,44,class_scale,boat,0.0,medium
shared_e2e_rep_projected,44,class_scale,boat,0.1550935093509351,large
shared_e2e_rep_projected,44,class_scale,bottle,0.0,small
shared_e2e_rep_projected,44,class_scale,bottle,,medium
shared_e2e_rep_projected,44,class_scale,bottle,0.0257425742574257,large
shared_e2e_rep_projected,44,class_scale,bus,0.0,small
shared_e2e_rep_projected,44,class_scale,bus,0.2356435643564355,medium
shared_e2e_rep_projected,44,class_scale,bus,0.0,large
shared_e2e_rep_projected,44,class_scale,car,0.2533003300330033,small
shared_e2e_rep_projected,44,class_scale,car,0.4162723760855349,medium
shared_e2e_rep_projected,44,class_scale,car,0.0667936694479282,large
shared_e2e_rep_projected,44,class_scale,cat,,small
shared_e2e_rep_projected,44,class_scale,cat,,medium
shared_e2e_rep_projected,44,class_scale,cat,0.0690362496568468,large
shared_e2e_rep_projected,44,class_scale,chair,,small
shared_e2e_rep_projected,44,class_scale,chair,0.1115934066034967,medium
shared_e2e_rep_projected,44,class_scale,chair,0.0744416683879903,large
shared_e2e_rep_projected,44,class_scale,cow,0.0,small
shared_e2e_rep_projected,44,class_scale,cow,0.0542509595787164,medium
shared_e2e_rep_projected,44,class_scale,cow,0.0805940594059405,large
shared_e2e_rep_projected,44,class_scale,diningtable,,small
shared_e2e_rep_projected,44,class_scale,diningtable,0.0,medium
shared_e2e_rep_projected,44,class_scale,diningtable,0.0,large
shared_e2e_rep_projected,44,class_scale,dog,,small
shared_e2e_rep_projected,44,class_scale,dog,,medium
shared_e2e_rep_projected,44,class_scale,dog,0.016907823663357,large
shared_e2e_rep_projected,44,class_scale,horse,0.0,small
shared_e2e_rep_projected,44,class_scale,horse,0.0363636363636363,medium
shared_e2e_rep_projected,44,class_scale,horse,0.3112211221122111,large
shared_e2e_rep_projected,44,class_scale,motorbike,0.0,small
shared_e2e_rep_projected,44,class_scale,motorbike,0.0,medium
shared_e2e_rep_projected,44,class_scale,motorbike,0.0390280656715192,large
shared_e2e_rep_projected,44,class_scale,person,0.1537125512809846,small
shared_e2e_rep_projected,44,class_scale,person,0.1188344686242748,medium
shared_e2e_rep_projected,44,class_scale,person,0.2698211009039129,large
shared_e2e_rep_projected,44,class_scale,pottedplant,,small
shared_e2e_rep_projected,44,class_scale,pottedplant,0.1425915448687725,medium
shared_e2e_rep_projected,44,class_scale,pottedplant,0.5999999999999999,large
shared_e2e_rep_projected,44,class_scale,sheep,0.0,small
shared_e2e_rep_projected,44,class_scale,sheep,0.1178217821782178,medium
shared_e2e_rep_projected,44,class_scale,sheep,0.0,large
shared_e2e_rep_projected,44,class_scale,sofa,,small
shared_e2e_rep_projected,44,class_scale,sofa,0.0,medium
shared_e2e_rep_projected,44,class_scale,sofa,0.0273132691420402,large
shared_e2e_rep_projected,44,class_scale,train,,small
shared_e2e_rep_projected,44,class_scale,train,0.0,medium
shared_e2e_rep_projected,44,class_scale,train,0.0371757326611194,large
shared_e2e_rep_projected,44,class_scale,tvmonitor,0.0,small
shared_e2e_rep_projected,44,class_scale,tvmonitor,0.0,medium
shared_e2e_rep_projected,44,class_scale,tvmonitor,0.0949257425742574,large
shared_e2e_rep_projected,44,iou,0.50,0.1069043495541772,
shared_e2e_rep_projected,44,iou,0.55,0.1015127355006222,
shared_e2e_rep_projected,44,iou,0.60,0.0959076677906993,
shared_e2e_rep_projected,44,iou,0.65,0.0921027219794945,
shared_e2e_rep_projected,44,iou,0.70,0.0858976672148856,
shared_e2e_rep_projected,44,iou,0.75,0.0659978035113039,
shared_e2e_rep_projected,44,iou,0.80,0.0449850653874513,
shared_e2e_rep_projected,44,iou,0.85,0.0144077212455646,
shared_e2e_rep_projected,44,iou,0.90,0.0077733449710257,
shared_e2e_rep_projected,44,iou,0.95,0.0016488938737059,
