mode,step_seconds,peak_extra_cuda_mb,projection_vector_mb
shared_e2e,0.27844260000006216,2284.69970703125,0.0
shared_e2e_parameter_projected,0.4652587999999014,2538.935546875,17.3232421875
shared_e2e_rep_projected,0.2879527000000053,2284.69970703125,9.140625
shared_e2e_rep_projected,0.28431540000019595,2282.59228515625,9.140625
shared_e2e,0.26960699999995086,2282.59228515625,0.0
shared_e2e_parameter_projected,0.46984299999985524,2538.935546875,17.3232421875
shared_e2e_parameter_projected,0.46655310000005557,2538.935546875,17.3232421875
shared_e2e_rep_projected,0.28640420000010636,2284.69970703125,9.140625
shared_e2e,0.26840149999998175,2282.59228515625,0.0
